{
    "pipes": [
        {
            "name": "Pipe_Main",
            "type": "straight",
            "radius": 0.1737480212271024,
            "length": 1.4952923003039313,
            "axis": [
                1.0,
                0.0,
                0.0
            ],
            "center": [
                0.0,
                0.0,
                0.0
            ]
        },
        {
            "name": "Pipe_Branch",
            "type": "straight",
            "radius": 0.20865517776778375,
            "length": 4.514396987432804,
            "axis": [
                0.0,
                1.0,
                0.0
            ],
            "center": [
                0.0,
                2.2571985721588135,
                0.0
            ]
        }
    ]
}